City_ID,City,Country,Lat,Lng,Max Temp,Humidity,Cloudiness,Wind Speed,Current Description
0,Cape Town,ZA,-33.9258,18.4232,60.91,82,0,11.99,clear sky
1,Butaritari,KI,3.0707,172.7902,81.86,72,18,12.17,few clouds
2,Mataura,NZ,-46.1927,168.8643,61.48,66,53,2.66,broken clouds
3,Homer,US,59.6425,-151.5483,40.89,70,100,3.44,light rain
4,Busselton,AU,-33.65,115.3333,66.34,58,96,5.84,overcast clouds
5,Rikitea,PF,-23.1203,-134.9692,78.4,63,7,8.75,clear sky
6,Moose Factory,CA,51.2585,-80.6094,13.98,92,0,3.44,clear sky
7,Asau,RO,46.4333,26.4,37.96,78,45,6.76,scattered clouds
8,Mandurah,AU,-32.55,115.7,70.92,53,1,10.2,clear sky
9,Chuy,UY,-33.6971,-53.4616,60.87,86,100,5.88,overcast clouds
10,Yeniseysk,RU,58.4497,92.1703,34.27,65,95,11.72,overcast clouds
11,Tasiilaq,GL,65.6145,-37.6368,31.1,94,100,8.1,overcast clouds
12,Puerto Ayora,EC,-0.7393,-90.3518,74.44,93,100,6.44,overcast clouds
13,Ribeira Grande,PT,38.5167,-28.7,57.9,65,43,18.77,scattered clouds
14,Faanui,PF,-16.4833,-151.75,80.89,74,11,9.48,light rain
15,Hobart,AU,-42.8794,147.3294,61.27,68,75,16.11,broken clouds
16,Orlik,RU,52.5178,99.825,50.81,40,99,6.8,overcast clouds
17,Vaini,TO,-21.2,-175.2,84.36,79,75,5.75,broken clouds
18,Barrow,US,71.2906,-156.7887,6.82,78,0,10.36,clear sky
19,Bluff,NZ,-46.6,168.3333,61.81,70,87,5.06,overcast clouds
20,East London,ZA,-33.0153,27.9116,59.94,88,0,8.05,clear sky
21,Thompson,CA,55.7435,-97.8558,17.76,62,40,2.3,scattered clouds
22,Hermanus,ZA,-34.4187,19.2345,60.94,86,87,11.07,overcast clouds
23,Vinh,VN,18.6667,105.6667,70.41,90,100,7.61,overcast clouds
24,Baghdad,IQ,33.3406,44.4009,62.51,36,75,4.61,broken clouds
25,Ushuaia,AR,-54.8,-68.3,44.26,81,20,14.97,few clouds
26,Port Hardy,CA,50.6996,-127.4199,48.38,49,100,23.02,overcast clouds
27,Bilma,NE,18.6853,12.9164,74.62,20,22,10.74,few clouds
28,Pevek,RU,69.7008,170.3133,12.4,89,50,3.96,scattered clouds
29,Tiksi,RU,71.6872,128.8694,10.31,92,96,3.47,overcast clouds
30,Colares,PT,38.7992,-9.4469,59.29,77,55,25.99,broken clouds
31,Hithadhoo,MV,-0.6,73.0833,83.71,73,26,8.77,scattered clouds
32,Nizhnevartovsk,RU,60.9344,76.5531,28.42,64,40,2.24,scattered clouds
33,Atuona,PF,-9.8,-139.0333,79.41,80,18,17.6,light rain
34,Castro,BR,-24.7911,-50.0119,49.53,99,21,4.9,few clouds
35,Maumere,ID,-8.6199,122.2111,85.14,71,85,3.58,overcast clouds
36,Porto Recanati,IT,43.4365,13.6613,42.98,72,7,7.56,clear sky
37,Rio Cuarto,AR,-33.1307,-64.3499,58.48,66,0,10.36,clear sky
38,Kruisfontein,ZA,-34.0033,24.7314,59.88,89,100,2.51,overcast clouds
39,Manggar,ID,-2.8833,108.2667,86.23,66,31,6.17,scattered clouds
40,Punta De Bombon,PE,-17.1717,-71.7931,66.36,77,77,7.02,broken clouds
41,Provideniya,RU,64.3833,-173.3,32.36,93,100,20.13,mist
42,Sao Felix Do Xingu,BR,-6.6447,-51.995,72.28,98,100,0.6,overcast clouds
43,Mar Del Plata,AR,-38.0023,-57.5575,60.87,93,0,11.99,clear sky
44,Pisco,PE,-13.7,-76.2167,63.01,82,0,9.22,clear sky
45,Korla,CN,41.7597,86.1469,66.58,10,0,3.11,clear sky
46,Punta Arenas,CL,-53.15,-70.9167,41.11,87,75,3.44,broken clouds
47,Lasa,IT,46.6166,10.7002,33.37,67,4,4.38,clear sky
48,Jamestown,US,42.097,-79.2353,32.02,58,0,5.75,clear sky
49,Saint-Philippe,RE,-21.3585,55.7679,79.21,86,27,12.59,scattered clouds
50,Lebu,CL,-37.6167,-73.65,51.55,89,23,5.68,few clouds
51,Gantt,US,34.8001,-82.4243,64.0,90,100,13.8,overcast clouds
52,Kavieng,PG,-2.5744,150.7967,85.77,63,38,12.93,scattered clouds
53,Hervey Bay,AU,-25.2986,152.8535,75.49,59,55,13.24,broken clouds
54,Ponta Do Sol,PT,32.6667,-17.1,65.12,57,46,13.53,scattered clouds
55,Kodiak,US,57.79,-152.4072,38.71,75,100,14.97,overcast clouds
56,Tuatapere,NZ,-46.1333,167.6833,58.5,73,89,1.88,overcast clouds
57,Broome,US,42.2506,-75.833,33.85,65,0,3.0,clear sky
58,Siniscola,IT,40.5719,9.6922,44.15,66,25,14.25,scattered clouds
59,Megion,RU,61.0296,76.1136,28.42,81,94,6.91,overcast clouds
60,Paamiut,GL,61.994,-49.6678,24.82,92,96,4.34,overcast clouds
61,Hofn,IS,64.2539,-15.2082,43.52,75,63,11.74,broken clouds
62,Naze,JP,28.3667,129.4833,70.72,60,58,6.49,broken clouds
63,Arraial Do Cabo,BR,-22.9661,-42.0278,71.33,70,28,3.33,scattered clouds
64,Saint George,US,37.1041,-113.5841,72.19,16,0,5.75,clear sky
65,Kupang,ID,-10.1667,123.5833,86.88,62,31,4.54,scattered clouds
66,Toamasina,MG,-18.1667,49.3833,73.4,94,40,4.61,scattered clouds
67,Taoudenni,ML,22.6783,-3.9836,72.32,25,9,9.51,clear sky
68,Tuy Hoa,VN,13.0833,109.3,81.52,74,51,10.76,broken clouds
69,Esperance,AU,-33.8667,121.9,66.04,61,45,10.54,scattered clouds
70,Hualmay,PE,-11.0964,-77.6139,65.62,88,14,6.29,few clouds
71,Cacapava Do Sul,BR,-30.5122,-53.4914,50.63,96,6,4.12,clear sky
72,Bredasdorp,ZA,-34.5322,20.0403,61.34,89,100,6.89,overcast clouds
73,Kaitangata,NZ,-46.2817,169.8464,55.54,73,26,3.53,scattered clouds
74,Tuktoyaktuk,CA,69.4541,-133.0374,12.2,73,75,6.91,broken clouds
75,Melo,UY,-32.3667,-54.1833,56.37,89,100,5.37,overcast clouds
76,New Norfolk,AU,-42.7826,147.0587,60.93,45,100,1.99,overcast clouds
77,Tura,IN,25.5198,90.2201,83.97,59,38,5.79,scattered clouds
78,Te Anau,NZ,-45.4167,167.7167,59.05,68,61,4.43,broken clouds
79,Torbay,CA,47.6666,-52.7314,46.76,92,40,25.32,scattered clouds
80,Saskylakh,RU,71.9167,114.0833,31.01,98,100,5.37,light snow
81,Portland,US,45.5234,-122.6762,54.18,57,100,5.75,overcast clouds
82,Vanderhoof,CA,54.0166,-124.0198,32.18,75,100,3.83,overcast clouds
83,Zhangye,CN,38.9342,100.4517,57.11,15,0,3.91,clear sky
84,Sangar,RU,63.9242,127.4739,32.59,82,100,20.71,overcast clouds
85,Hovd,MN,48.0056,91.6419,60.21,8,31,2.62,scattered clouds
86,Victoria,HK,22.2855,114.1577,74.32,75,95,5.01,overcast clouds
87,Maningrida,AU,-12.0667,134.2667,89.33,48,100,10.2,overcast clouds
88,Flinders,AU,-34.5833,150.8552,82.18,58,100,4.0,overcast clouds
89,Bethel,US,41.3712,-73.414,39.63,67,0,0.0,clear sky
90,Walvis Bay,NA,-22.9575,14.5053,60.85,78,7,3.8,clear sky
91,Russell,US,32.3502,-85.1999,65.48,97,75,6.91,mist
92,Yellowknife,CA,62.456,-114.3525,14.52,57,20,3.44,few clouds
93,Ligayan,PH,4.6533,119.4706,82.99,74,84,8.43,broken clouds
94,Albany,US,42.6001,-73.9662,37.29,63,4,5.53,clear sky
95,Babu,CN,24.4167,111.5167,55.29,96,100,4.99,overcast clouds
96,Ancud,CL,-41.8697,-73.8203,55.22,92,94,5.77,light rain
97,Saldanha,ZA,-33.0117,17.9442,53.65,73,70,9.51,broken clouds
98,Hilo,US,19.7297,-155.09,74.28,88,75,6.91,broken clouds
99,Maldonado,UY,-34.6667,-54.9167,58.39,94,100,4.68,overcast clouds
100,Sheopur,IN,25.6667,76.7,99.97,18,2,13.85,clear sky
101,Sao Filipe,CV,14.8961,-24.4956,70.7,78,22,1.32,few clouds
102,Camacha,PT,33.0833,-16.3333,58.42,77,40,18.41,scattered clouds
103,Narsaq,GL,60.9167,-46.05,32.22,90,38,2.06,scattered clouds
104,Pangnirtung,CA,66.1451,-65.7125,-9.49,100,100,3.31,overcast clouds
105,Bhadohi,IN,25.4167,82.5667,95.0,5,0,7.54,clear sky
106,Inuvik,CA,68.3499,-133.7218,21.96,42,40,5.75,scattered clouds
107,Sept-Iles,CA,50.2001,-66.3821,36.12,62,75,19.57,broken clouds
108,Soe,ID,-9.8607,124.284,82.06,56,85,4.9,overcast clouds
109,Taitung,TW,22.7583,121.1444,77.27,73,75,5.75,broken clouds
110,Laguna,US,38.421,-121.4238,57.92,52,0,9.22,clear sky
111,Chalala,IN,21.4167,71.1667,92.61,21,0,3.36,clear sky
112,Avarua,CK,-21.2078,-159.775,80.65,69,20,3.44,few clouds
113,Mtama,TZ,-10.3,39.3667,75.22,94,24,3.42,few clouds
114,Tulum,MX,20.2167,-87.4667,74.89,82,0,4.68,clear sky
115,Tiznit,MA,29.5833,-9.5,70.27,22,100,2.51,overcast clouds
116,Aasiaat,GL,68.7098,-52.8699,5.79,98,100,5.32,overcast clouds
117,Rio Gallegos,AR,-51.6226,-69.2181,41.05,87,0,13.8,clear sky
118,Evensk,RU,61.95,159.2333,29.82,91,100,5.12,overcast clouds
119,Laem Sing,TH,12.4816,102.0738,91.74,100,100,2.44,overcast clouds
120,Coihueco,CL,-36.6167,-71.8333,41.74,100,20,0.0,mist
121,Port Alfred,ZA,-33.5906,26.891,60.19,95,79,1.99,broken clouds
122,Mandera,KE,3.9366,41.867,81.28,68,87,5.21,moderate rain
123,Qaqortoq,GL,60.7167,-46.0333,25.12,87,25,1.21,scattered clouds
124,Fomboni,KM,-12.28,43.7425,83.25,73,12,10.63,few clouds
125,Qaanaaq,GL,77.484,-69.3632,-21.33,67,0,7.23,clear sky
126,Upernavik,GL,72.7868,-56.1549,-4.18,90,100,10.74,overcast clouds
127,Georgetown,MY,5.4112,100.3354,91.33,70,20,3.44,few clouds
128,Port Elizabeth,ZA,-33.918,25.5701,62.1,96,20,5.75,few clouds
129,Norman Wells,CA,65.282,-126.8329,24.84,24,20,3.44,few clouds
130,Honiara,SB,-9.4333,159.95,83.48,78,56,5.88,light rain
131,Srednekolymsk,RU,67.45,153.6833,26.08,81,99,6.11,overcast clouds
132,Iqaluit,CA,63.7506,-68.5145,-11.47,77,20,6.91,few clouds
133,Buraydah,SA,26.326,43.975,70.25,13,23,8.99,few clouds
134,Utinga,BR,-5.8172,-35.3954,79.2,100,20,3.44,light rain
135,San Cristobal,VE,7.7669,-72.225,68.18,97,99,3.11,overcast clouds
136,Madimba,TZ,-10.4,40.3333,76.51,92,67,9.35,broken clouds
137,Cockburn Town,TC,21.4612,-71.1419,77.54,82,89,22.66,overcast clouds
138,Taltal,CL,-25.4,-70.4833,59.27,86,12,1.5,few clouds
139,Oriximina,BR,-1.7656,-55.8661,74.16,98,100,4.41,overcast clouds
140,Fallon,US,39.4735,-118.7774,57.07,21,0,5.75,clear sky
141,Mount Gambier,AU,-37.8333,140.7667,57.11,82,100,14.97,overcast clouds
142,Severo-Kurilsk,RU,50.6789,156.125,32.05,83,87,7.83,overcast clouds
143,Cidreira,BR,-30.1811,-50.2056,66.13,75,78,9.69,broken clouds
144,Oka,CA,45.4649,-74.0889,39.42,56,1,8.05,clear sky
145,Puro,PH,12.4841,123.3827,85.05,66,23,12.39,few clouds
146,Alta Floresta,BR,-9.8756,-56.0861,70.05,98,97,2.64,overcast clouds
147,Kutum,SD,14.2,24.6667,77.94,19,87,4.45,overcast clouds
148,Fort Nelson,CA,58.8053,-122.7002,17.19,57,40,0.0,scattered clouds
149,Hasaki,JP,35.7333,140.8333,64.8,69,100,11.52,light rain
150,Ratnagiri,IN,16.9833,73.3,86.41,58,4,8.39,clear sky
151,Tezu,IN,27.9167,96.1667,70.41,77,100,3.09,overcast clouds
152,Nuuk,GL,64.1835,-51.7216,21.25,91,100,4.14,overcast clouds
153,Kenora,CA,49.8167,-94.4337,25.77,93,100,9.22,mist
154,Comodoro Rivadavia,AR,-45.8667,-67.5,60.66,44,0,6.91,clear sky
155,Ipueiras,BR,-7.0333,-40.45,67.26,96,75,0.74,broken clouds
156,Zhigansk,RU,66.7697,123.3711,30.16,95,100,27.94,light snow
157,Bella Union,UY,-30.2752,-57.6007,56.66,86,1,5.39,clear sky
158,Phitsanulok,TH,16.9167,100.5,92.48,33,16,4.94,few clouds
159,Indiana,US,40.0003,-86.2503,46.17,58,40,8.05,scattered clouds
160,Bengkulu,ID,-3.8004,102.2655,82.81,81,81,5.28,broken clouds
161,Ingham,US,42.6,-84.3833,33.66,67,0,3.44,clear sky
162,Dunedin,NZ,-45.8742,170.5036,59.81,67,18,13.0,few clouds
163,Coquimbo,CL,-29.9533,-71.3436,55.13,94,100,3.44,overcast clouds
164,Calvinia,ZA,-31.4707,19.776,57.25,55,38,6.96,scattered clouds
165,Matara,LK,5.9485,80.5353,87.46,63,99,8.16,overcast clouds
166,Moerai,PF,-22.4333,-151.3333,79.48,69,12,1.41,few clouds
167,Sumbe,AO,-11.2061,13.8437,76.86,90,100,4.29,overcast clouds
168,Ixtapa,MX,20.7,-105.2,74.23,83,0,0.0,clear sky
169,Fowa,NG,8.9167,6.4,77.76,84,100,5.32,overcast clouds
170,Lanchyn,UA,48.5578,24.7562,32.43,81,84,4.09,light snow
171,Cabo San Lucas,MX,22.8909,-109.9124,76.51,64,99,6.35,overcast clouds
172,Leshan,CN,29.5623,103.7639,69.53,49,100,2.06,overcast clouds
173,Petropavlovsk-Kamchatskiy,RU,53.0452,158.6483,39.79,33,40,11.18,scattered clouds
174,Jumla,NP,29.2747,82.1838,71.73,23,52,5.3,broken clouds
175,Acarau,BR,-2.8856,-40.12,77.54,86,57,4.61,broken clouds
176,Aklavik,CA,68.2191,-135.0107,7.92,92,91,7.31,overcast clouds
177,La Plata,AR,-34.9215,-57.9545,63.82,86,100,9.28,overcast clouds
178,Kapaa,US,22.0752,-159.319,80.58,78,40,20.71,scattered clouds
179,Bonavista,CA,48.6499,-53.1147,39.27,95,100,16.96,overcast clouds
180,Hamilton,US,39.1834,-84.5333,45.43,55,0,5.01,clear sky
181,Bharatpur,IN,27.2167,77.4833,102.56,12,0,11.36,clear sky
182,Karaman,TR,37.0833,33.25,64.53,25,53,25.55,light rain
183,Kodino,RU,63.7198,39.6447,35.87,90,99,4.92,overcast clouds
184,Noumea,NC,-22.2763,166.4572,82.38,72,73,5.37,broken clouds
185,Saint-Georges,GD,12.0564,-61.7485,80.28,78,20,13.8,few clouds
186,Clyde,US,41.3042,-82.9752,40.55,82,57,10.13,broken clouds
187,Zhangjiakou,CN,40.81,114.8794,63.09,14,0,3.62,clear sky
188,Deder,ET,9.3167,41.45,66.78,41,6,3.65,clear sky
189,Rocha,UY,-34.4833,-54.3333,56.28,93,100,2.26,overcast clouds
190,Guerrero Negro,MX,27.9769,-114.0611,58.86,88,51,15.75,broken clouds
191,Kalmunai,LK,7.4167,81.8167,86.7,66,58,1.5,broken clouds
192,Senanga,ZM,-16.1167,23.2667,65.01,92,72,4.74,broken clouds
193,Bambous Virieux,MU,-20.3428,57.7575,79.21,100,40,5.75,light rain
194,Beringovskiy,RU,63.05,179.3167,31.48,96,100,5.28,overcast clouds
195,Sorland,NO,67.667,12.6934,42.1,96,100,17.29,overcast clouds
196,Cherskiy,RU,68.75,161.3,16.9,87,100,5.21,overcast clouds
197,Atasu,KZ,48.6814,71.6433,66.51,16,100,6.02,overcast clouds
198,Yar-Sale,RU,66.8333,70.8333,21.34,85,99,12.39,overcast clouds
199,Mahebourg,MU,-20.4081,57.7,79.25,100,40,5.75,scattered clouds
200,Krasnoselkup,RU,65.7,82.4667,20.64,83,100,16.06,overcast clouds
201,Mumbwa,ZM,-14.9783,27.0619,61.63,91,6,3.53,clear sky
202,Bardsir,IR,29.9227,56.5743,54.48,45,0,6.71,clear sky
203,Hambantota,LK,6.1241,81.1185,86.34,84,20,9.22,few clouds
204,Payson,US,40.0444,-111.7321,52.27,55,0,10.36,clear sky
205,Telimele,GN,10.9167,-13.3333,68.83,84,92,3.31,overcast clouds
206,Pangai,TO,-19.8,-174.35,84.31,74,75,5.75,broken clouds
207,Elko,US,41.0002,-115.5012,47.64,34,43,8.99,scattered clouds
208,Ayan,RU,56.45,138.1667,30.56,92,52,10.94,broken clouds
209,Mogadishu,SO,2.0371,45.3438,83.95,77,96,8.55,light rain
210,Flin Flon,CA,54.7682,-101.865,19.62,95,87,2.75,overcast clouds
211,Hami,CN,42.8,93.45,67.14,10,0,4.23,clear sky
212,Moron,AR,-34.6534,-58.6198,65.95,81,100,5.7,overcast clouds
213,Faya,SA,18.3851,42.4509,66.31,27,8,6.35,clear sky
214,Harrisonburg,US,38.4496,-78.8689,42.8,62,0,0.0,clear sky
215,Baiao,BR,-2.7906,-49.6717,72.91,99,100,2.01,overcast clouds
216,Varhaug,NO,58.6147,5.6457,43.68,66,22,13.33,few clouds
217,Bonthe,SL,7.5264,-12.505,76.35,79,98,4.79,overcast clouds
218,Khatanga,RU,71.9667,102.5,11.97,88,97,16.58,overcast clouds
219,Trairi,BR,-3.2778,-39.2689,76.33,88,72,2.86,broken clouds
220,Allapalli,IN,19.4167,80.0667,101.08,29,10,5.28,clear sky
221,Clyde River,CA,70.4692,-68.5914,-16.37,76,100,5.75,light snow
222,Bathsheba,BB,13.2167,-59.5167,79.41,78,40,17.27,scattered clouds
223,Marsaxlokk,MT,35.8419,14.5431,58.08,88,100,16.11,overcast clouds
224,Kanigoro,ID,-8.13,112.219,86.22,70,50,1.39,scattered clouds
225,Edson,CA,53.5835,-116.4356,33.94,55,100,4.61,overcast clouds
226,Klaksvik,FO,62.2266,-6.589,45.52,91,100,25.99,overcast clouds
227,Avera,US,33.194,-82.5271,67.51,97,99,0.94,overcast clouds
228,Salalah,OM,17.0151,54.0924,82.49,83,40,2.3,scattered clouds
229,Miragoane,HT,18.4423,-73.0876,77.9,70,99,5.79,overcast clouds
230,Prince Rupert,CA,54.3161,-130.3201,44.29,70,0,9.22,clear sky
231,Koungou,YT,-12.7336,45.2042,80.31,89,20,5.75,few clouds
232,Aksha,RU,50.2814,113.2867,67.08,21,100,15.14,overcast clouds
233,Ola,RU,59.5833,151.2833,27.55,74,100,4.16,overcast clouds
234,Palmerston,AU,-12.486,130.9833,95.04,63,40,9.22,scattered clouds
235,Show Low,US,34.2542,-110.0298,59.14,25,0,0.0,clear sky
236,Namatanai,PG,-3.6667,152.4333,85.5,64,86,11.21,overcast clouds
237,Kamennomostskiy,RU,44.2983,40.1856,63.73,44,100,2.98,overcast clouds
238,Poitiers,FR,46.5833,0.3333,48.61,66,0,8.05,clear sky
239,Saint-Pierre,RE,-21.3393,55.4781,79.29,74,20,4.61,few clouds
240,Peniche,PT,39.3558,-9.3811,58.28,89,73,25.34,broken clouds
241,Belaya Gora,RU,68.5333,146.4167,24.33,78,100,4.32,overcast clouds
242,Sitka,US,57.0531,-135.33,44.49,53,75,0.0,broken clouds
243,Marsa Matruh,EG,31.3525,27.2453,61.0,82,92,11.5,overcast clouds
244,Kozyatyn,UA,49.7143,28.8339,32.52,74,22,10.27,few clouds
245,Nanortalik,GL,60.1432,-45.2371,28.49,88,36,9.46,scattered clouds
246,Carnarvon,AU,-24.8667,113.6333,77.07,61,93,11.5,overcast clouds
247,Chapais,CA,49.7834,-74.8492,24.58,95,61,7.31,broken clouds
248,Waipawa,NZ,-41.4122,175.5153,56.79,76,50,11.81,scattered clouds
249,Ilulissat,GL,69.2167,-51.1,10.42,72,20,4.61,few clouds
250,Beaupre,CA,47.0443,-70.8953,36.41,60,44,6.91,scattered clouds
251,Alofi,NU,-19.0595,-169.9187,82.29,74,40,9.22,scattered clouds
252,Northampton,US,40.8754,-75.2499,34.84,69,0,2.82,clear sky
253,Kayes,ML,14.0,-11.0,91.0,11,82,14.27,broken clouds
254,Daru,PG,-9.0763,143.2092,83.39,76,79,5.7,broken clouds
255,Maria Chiquita,PA,9.4431,-79.7558,81.3,85,98,5.97,overcast clouds
256,Natal,BR,-5.795,-35.2094,79.02,94,20,3.44,few clouds
257,Burkburnett,US,34.0979,-98.5706,58.78,58,0,5.75,clear sky
258,Kyabe,TD,9.4515,18.9449,81.19,59,85,6.02,overcast clouds
259,Kalabo,ZM,-14.97,22.6814,65.46,94,77,3.51,broken clouds
260,Chauk,MM,20.8833,94.8167,98.24,32,12,8.23,few clouds
261,Airai,TL,-8.9266,125.4092,71.2,77,100,1.66,overcast clouds
262,Grants,US,35.1473,-107.8514,53.83,13,0,5.75,clear sky
263,Jakarta,ID,-6.2146,106.8451,96.1,58,60,4.63,broken clouds
264,Tual,ID,-5.6667,132.75,84.06,72,98,5.97,light rain
265,Aksu,CN,41.1231,80.2644,68.29,10,4,8.14,clear sky
266,Rio Grande,BR,-32.035,-52.0986,53.94,83,98,11.7,overcast clouds
267,Longyearbyen,SJ,78.2186,15.6401,21.04,86,100,0.0,light snow
268,Llano De Piedra,PA,7.6667,-80.5667,77.2,84,100,4.29,overcast clouds
269,Raudeberg,NO,61.9875,5.1352,43.86,77,97,6.46,overcast clouds
270,Loei,TH,17.4167,101.5,74.12,64,88,5.86,light rain
271,Kirkuk,IQ,35.4681,44.3922,72.48,25,28,6.2,scattered clouds
272,Touros,BR,-5.1989,-35.4608,77.09,88,100,6.55,overcast clouds
273,Zabid,YE,14.1951,43.3152,86.4,51,0,4.74,clear sky
274,Ardalstangen,NO,61.2371,7.6983,33.15,69,90,5.99,overcast clouds
275,Champerico,GT,14.3,-91.9167,83.44,70,91,7.05,overcast clouds
276,Callander,GB,56.2441,-4.2164,49.51,97,96,5.88,overcast clouds
277,Vorukh,TJ,39.8494,70.5838,70.68,28,57,4.54,broken clouds
278,Jidong,CN,45.2167,131.0833,51.19,19,39,7.87,scattered clouds
279,Cayenne,GF,4.9333,-52.3333,81.09,1,20,5.01,few clouds
280,Cabedelo,BR,-6.9811,-34.8339,77.67,79,99,7.99,overcast clouds
281,Fort Dodge,US,42.4975,-94.168,32.13,100,75,8.05,broken clouds
282,Campo Verde,BR,-20.4167,-54.0667,59.27,80,6,4.68,clear sky
283,Volchanets,RU,42.9131,132.7469,52.81,32,89,9.6,overcast clouds
284,Havoysund,NO,70.9963,24.6622,43.03,92,100,28.1,light rain
285,Lompoc,US,34.6391,-120.4579,52.79,83,0,21.0,clear sky
286,Geraldton,AU,-28.7667,114.6,75.61,38,0,12.66,clear sky
287,Ahipara,NZ,-35.1667,173.1667,70.29,86,100,9.26,overcast clouds
288,Pavlodar,KZ,52.3,76.95,57.0,41,40,17.9,scattered clouds
289,Nizhniy Kuranakh,RU,58.8353,125.4869,33.78,94,100,10.92,light snow
290,Asyut,EG,27.181,31.1837,77.18,10,58,2.53,broken clouds
291,Verkhniy Baskunchak,RU,48.2256,46.7217,59.61,54,96,13.24,overcast clouds
292,Vestmannaeyjar,IS,63.4427,-20.2734,41.16,74,64,11.14,broken clouds
293,Bac Lieu,VN,9.285,105.7244,87.8,63,71,17.74,broken clouds
294,Talas,TR,38.6908,35.5538,65.07,24,75,9.22,broken clouds
295,Tecpan,GT,14.7623,-90.9947,57.61,85,63,1.7,broken clouds
296,Maryville,US,35.7565,-83.9705,59.27,68,100,6.91,overcast clouds
297,Luena,AO,-11.7833,19.9167,60.78,99,97,3.87,overcast clouds
298,Port-Gentil,GA,-0.7193,8.7815,80.42,82,100,6.11,light rain
299,Mount Isa,AU,-20.7333,139.5,94.77,14,0,6.91,clear sky
300,Buala,SB,-8.145,159.5921,81.0,82,88,7.14,moderate rain
301,Inhambane,MZ,-23.865,35.3833,73.38,94,75,0.0,broken clouds
302,Anapoima,CO,4.5203,-74.5394,77.79,91,100,2.35,overcast clouds
303,Ust-Ilimsk,RU,58.0006,102.6619,45.66,71,100,15.3,light rain
304,Ihosy,MG,-22.4,46.1167,68.92,80,82,5.68,broken clouds
305,Leku,ET,6.8667,38.45,62.22,86,99,2.01,overcast clouds
306,Sinaloa,MX,25.0,-107.5,75.65,64,99,2.24,overcast clouds
307,Marawi,PH,7.9986,124.2928,78.42,76,92,7.58,overcast clouds
308,Mildura,AU,-34.2,142.15,64.36,94,100,8.05,light rain
309,Bara,NG,10.3744,10.7288,81.14,62,99,5.75,overcast clouds
310,Venice,US,27.0998,-82.4543,76.98,90,100,0.0,haze
311,Daoukro,CI,7.0591,-3.9631,72.81,97,100,3.2,overcast clouds
312,Honningsvag,NO,70.9821,25.9704,42.55,81,100,6.91,light rain
313,Astana,KZ,51.1801,71.446,53.55,54,100,20.13,overcast clouds
314,Shache,CN,38.4167,77.2406,69.24,12,2,5.55,clear sky
315,Alyangula,AU,-13.8483,136.4192,89.47,62,75,10.36,broken clouds
316,Kurchum,KZ,48.5722,83.6542,66.87,16,65,15.35,broken clouds
317,Knysna,ZA,-34.0363,23.0471,60.01,80,98,3.44,overcast clouds
318,Panama City,PA,8.9936,-79.5197,81.28,85,40,4.61,scattered clouds
319,Katsuura,JP,35.1333,140.3,62.62,75,100,10.18,overcast clouds
320,Miri,MY,4.4148,114.0089,91.54,66,40,8.05,scattered clouds
321,Magadan,RU,59.5667,150.8,27.34,79,100,4.54,overcast clouds
322,Palmas,BR,-10.2128,-48.3603,76.87,94,75,2.3,broken clouds
323,Atambua,ID,-9.1061,124.8925,83.5,68,100,1.99,overcast clouds
324,Teeli,RU,51.0333,90.2333,61.41,18,98,2.64,overcast clouds
325,Maniitsoq,GL,65.4167,-52.9,21.9,91,100,3.8,light snow
326,Mackay,AU,-21.15,149.2,82.69,83,100,12.66,light rain
327,Lorengau,PG,-2.0226,147.2712,84.34,75,73,7.16,broken clouds
328,Saint Anthony,US,45.0205,-93.218,35.38,90,100,12.66,light snow
329,La Reforma,MX,25.0833,-108.05,74.75,46,83,7.99,broken clouds
330,Sungaipenuh,ID,-2.0833,101.3833,72.0,88,97,1.79,overcast clouds
331,Uyuni,BO,-20.4597,-66.825,40.3,15,0,7.31,clear sky
332,Inverell,AU,-29.7833,151.1167,79.11,48,26,5.01,scattered clouds
333,Rincon,US,32.296,-81.2354,69.76,88,40,6.91,scattered clouds
334,Port Lincoln,AU,-34.7333,135.8667,63.19,61,89,8.59,overcast clouds
335,Meulaboh,ID,4.1363,96.1285,85.66,69,100,5.48,overcast clouds
336,Merauke,ID,-8.4667,140.3333,84.52,72,98,5.61,light rain
337,Santa Isabel,BR,-23.3156,-46.2214,58.3,97,46,1.72,scattered clouds
338,Ambajogai,IN,18.7333,76.3833,96.26,15,0,9.22,clear sky
339,Tupik,RU,54.4253,119.9327,54.23,49,100,16.49,overcast clouds
340,Los Llanos De Aridane,ES,28.6585,-17.9182,69.55,46,0,14.97,clear sky
341,Isla Vista,US,34.4133,-119.861,60.82,71,0,10.36,clear sky
342,Nikolskoye,RU,59.7035,30.7861,41.88,67,99,2.93,overcast clouds
343,Lagoa,PT,39.05,-27.9833,56.66,66,29,15.1,scattered clouds
344,Salinas,US,36.6777,-121.6555,52.56,73,0,9.22,clear sky
345,Oranjemund,NA,-28.55,16.4333,61.3,62,0,5.77,clear sky
346,Tabuk,PH,17.4189,121.4443,88.18,54,76,4.07,broken clouds
347,Zyryanka,RU,65.75,150.85,26.94,82,100,9.71,overcast clouds
348,Kloulklubed,PW,7.0419,134.2556,82.9,71,100,3.89,overcast clouds
349,Polunochnoye,RU,60.8697,60.4153,34.56,74,83,5.93,broken clouds
350,Ust-Omchug,RU,61.15,149.6333,22.33,70,100,2.17,overcast clouds
351,Amboise,FR,47.4125,0.9827,45.14,87,0,3.44,clear sky
352,Luderitz,NA,-26.6481,15.1594,68.41,53,0,6.91,clear sky
353,Anju,KP,39.6178,125.6647,67.42,28,35,5.06,scattered clouds
354,Byron Bay,AU,-28.65,153.6167,76.95,64,52,7.61,broken clouds
355,Humboldt,US,40.6665,-123.9178,38.86,86,85,5.19,overcast clouds
356,Kilindoni,TZ,-7.9139,39.6668,80.19,82,26,12.19,light rain
357,Nome,US,64.5011,-165.4064,33.87,75,100,13.8,overcast clouds
358,Bontang,ID,0.1333,117.5,84.49,72,54,9.44,broken clouds
359,Ngaoundere,CM,7.3167,13.5833,66.74,86,73,3.83,broken clouds
360,Constitucion,CL,-35.3333,-72.4167,50.88,90,50,5.01,scattered clouds
361,Dikson,RU,73.5069,80.5464,8.53,92,100,5.01,overcast clouds
362,Loa Janan,ID,-0.583,117.095,85.95,76,76,3.94,broken clouds
363,Rojhan,PK,28.6868,69.9534,95.77,23,99,4.21,overcast clouds
364,Beyneu,KZ,45.3167,55.2,67.8,28,0,5.03,clear sky
365,Pekan,MY,3.4836,103.3996,84.31,62,86,7.83,heavy intensity rain
366,Chokurdakh,RU,70.6333,147.9167,15.24,90,49,5.1,scattered clouds
367,Gazli,UZ,40.1333,63.45,64.47,50,100,13.71,overcast clouds
368,Gusinoye Ozero,RU,51.1144,106.2614,63.48,28,26,3.13,scattered clouds
369,Perevolotskiy,RU,51.8763,54.1938,55.17,57,100,7.38,overcast clouds
370,San Onofre,CO,9.7359,-75.5263,79.57,83,98,4.05,overcast clouds
371,Dombarovskiy,RU,50.7587,59.5386,55.31,53,9,3.4,clear sky
372,Dalbandin,PK,28.8947,64.4101,87.66,17,22,13.4,few clouds
373,Erzin,TR,36.9559,36.2,68.31,36,100,17.31,overcast clouds
374,Ileza,RU,61.0533,43.9002,32.61,98,100,5.17,light snow
375,Port Blair,IN,11.6667,92.75,87.84,70,20,6.91,few clouds
376,Sur,OM,22.5667,59.5289,89.67,49,0,10.38,clear sky
377,Svetlogorsk,BY,52.6333,29.7333,33.49,96,100,8.81,light snow
378,Saint-Michel-Des-Saints,CA,46.6834,-73.9159,27.93,93,10,6.71,clear sky
379,Lugoba,TZ,-6.45,38.3333,73.49,93,78,4.05,broken clouds
380,Prieska,ZA,-29.6641,22.7474,58.64,69,0,3.62,clear sky
381,Wanning,CN,18.8003,110.3967,81.77,72,31,8.1,scattered clouds
382,Codrington,AU,-38.2667,141.9667,59.52,70,100,10.49,overcast clouds
383,Puerto Escondido,MX,15.85,-97.0667,80.8,73,10,8.48,clear sky
384,Cap Malheureux,MU,-19.9842,57.6142,79.47,88,14,4.0,few clouds
385,Bileca,BA,42.8719,18.4297,46.29,70,100,9.44,overcast clouds
386,Vao,NC,-22.6667,167.4833,77.18,69,64,5.01,broken clouds
387,Palu,ID,-0.8917,119.8707,91.42,57,92,4.7,overcast clouds
388,Imbituba,BR,-28.24,-48.6703,65.86,79,37,1.79,scattered clouds
389,Seminole,US,28.7086,-81.2081,73.06,91,75,8.05,broken clouds
390,Swan Hill,AU,-35.3378,143.5544,63.41,75,100,7.0,moderate rain
391,Henties Bay,NA,-22.116,14.2845,61.65,77,11,5.3,few clouds
392,Uni,RU,57.7535,51.4923,31.66,93,100,11.21,light snow
393,Kurri Kurri,AU,-32.8167,151.4833,79.79,59,88,3.87,overcast clouds
394,Dauphin,CA,51.1494,-100.0502,17.74,86,0,6.91,clear sky
395,Bubaque,GW,11.2833,-15.8333,73.92,76,17,10.98,few clouds
396,Senneterre,CA,48.3835,-77.2328,19.9,97,15,3.0,few clouds
397,Deer Lake,CA,49.1667,-57.4316,35.46,80,100,20.71,overcast clouds
398,Chernyshevskiy,RU,63.0128,112.4714,28.17,80,100,15.68,overcast clouds
399,Inirida,CO,3.8653,-67.9239,73.18,98,100,2.84,overcast clouds
400,Kabinda,CD,-6.1333,24.4833,68.04,91,43,4.25,scattered clouds
401,Howard Springs,AU,-12.497,131.047,94.98,62,43,4.79,scattered clouds
402,Pustoshka,RU,56.3355,29.369,35.83,71,85,6.93,overcast clouds
403,Hochdorf,CH,47.1667,8.2833,37.85,87,2,0.0,clear sky
404,Crailsheim,DE,49.1344,10.0719,36.52,74,4,5.26,clear sky
405,Adre,TD,13.4667,22.2,81.61,30,20,6.13,few clouds
406,Komsomolskiy,UZ,40.4272,71.7189,75.92,31,40,6.91,scattered clouds
407,Barcelos,PT,41.5388,-8.6151,53.85,87,0,5.48,clear sky
408,Floro,NO,61.5996,5.0328,44.96,87,0,6.91,clear sky
409,Lianzhou,CN,24.7811,112.3825,55.4,95,100,3.62,light rain
410,Vardo,NO,70.3705,31.1107,39.99,90,100,11.32,overcast clouds
411,Saurimo,AO,-9.6608,20.3916,63.9,97,94,3.94,overcast clouds
412,Emerald,AU,-23.5333,148.1667,86.14,30,0,8.05,clear sky
413,Aswan,EG,24.0934,32.907,78.1,13,0,2.3,clear sky
414,Ostrovnoy,RU,68.0531,39.5131,33.78,93,100,6.8,overcast clouds
415,Mkushi,ZM,-13.6202,29.3939,62.15,95,9,4.03,clear sky
416,Bud,US,39.447,-86.1758,46.42,58,98,8.63,overcast clouds
417,Nantucket,US,41.2835,-70.0995,44.15,60,0,9.22,clear sky
418,Kismayo,SO,-0.3582,42.5454,84.54,73,100,14.72,overcast clouds
419,Araouane,ML,18.9048,-3.5265,69.3,28,0,9.78,clear sky
420,Benjamin Constant,BR,-4.3831,-70.0311,77.13,100,100,2.19,overcast clouds
421,Karratha,AU,-20.7377,116.8463,95.99,26,8,18.59,clear sky
422,Isiro,CD,2.7739,27.616,68.92,87,99,1.01,overcast clouds
423,Izmit,TR,40.7669,29.9169,48.18,100,100,2.3,light intensity drizzle
424,Mikhaylovka,RU,50.06,43.2379,53.78,60,100,10.38,overcast clouds
425,Sarahan,IN,31.5167,77.8,70.7,25,2,5.08,clear sky
426,Jinka,ET,5.65,36.65,65.3,85,95,2.39,overcast clouds
427,Noormarkku,FI,61.5927,21.8685,33.58,93,0,2.3,clear sky
428,Muyezerskiy,RU,63.9333,31.65,36.01,97,100,2.51,overcast clouds
429,Kudahuvadhoo,MV,2.6708,72.8944,84.38,64,44,10.36,scattered clouds
430,Puerto Del Rosario,ES,28.5004,-13.8627,67.75,77,0,9.22,clear sky
431,Paracuru,BR,-3.41,-39.0306,76.1,86,95,3.85,overcast clouds
432,Russkaya Polyana,UA,49.417,31.9201,35.13,79,100,9.78,overcast clouds
433,Taksimo,RU,56.3444,114.8794,48.33,77,66,2.26,broken clouds
434,Derzhavinsk,KZ,51.1,66.3167,54.77,49,100,11.81,overcast clouds
435,Ca Mau,VN,9.1769,105.15,91.92,52,88,12.68,overcast clouds
436,Udachnyy,RU,66.4167,112.4,25.45,79,100,27.72,light snow
437,Banavar,IN,13.4136,76.1683,85.87,42,0,2.86,clear sky
438,Mana,GF,5.6592,-53.7767,76.39,89,21,7.54,few clouds
439,Muros,ES,42.7762,-9.0603,55.83,83,84,13.53,broken clouds
440,Eydhafushi,MV,5.1033,73.0708,84.56,70,85,10.31,overcast clouds
441,Soure,BR,-0.7167,-48.5233,76.96,87,100,0.47,overcast clouds
442,Kinsale,IE,51.7075,-8.5306,42.17,87,40,2.3,scattered clouds
443,Harper,LR,4.375,-7.7169,77.07,88,75,0.45,broken clouds
444,San Patricio,US,28.017,-97.5169,76.87,93,31,6.46,scattered clouds
445,Carutapera,BR,-1.195,-46.02,74.46,95,100,1.57,overcast clouds
446,Mahajanga,MG,-15.7167,46.3167,75.22,88,20,4.61,few clouds
447,Esil,KZ,51.9556,66.4042,53.53,44,100,11.72,overcast clouds
448,Narasapur,IN,16.45,81.6667,92.97,53,75,7.45,broken clouds
449,Santa Isabel Do Rio Negro,BR,-0.4139,-65.0192,73.18,98,67,1.66,broken clouds
450,Vila Franca Do Campo,PT,37.7167,-25.4333,57.61,73,64,11.81,broken clouds
451,Kamenka,RU,51.3223,42.7678,54.84,71,100,7.63,overcast clouds
452,Katherine,AU,-14.4667,132.2667,97.12,30,40,4.61,scattered clouds
453,Meiringen,CH,46.7268,8.184,48.0,59,1,4.85,clear sky
454,San Rafael,AR,-34.6177,-68.3301,60.04,46,5,8.88,clear sky
455,Nizamabad,IN,18.6667,78.1167,98.96,24,3,9.17,clear sky
456,Tacuarembo,UY,-31.7333,-55.9833,59.34,77,100,4.65,overcast clouds
457,Marrakesh,MA,31.6315,-8.0083,64.47,52,0,4.61,clear sky
458,Dalvik,IS,65.9702,-18.5286,40.93,99,100,1.41,overcast clouds
459,Vicksburg,US,32.3526,-90.8779,69.48,88,100,3.44,overcast clouds
460,Adrar,MR,20.5022,-10.0711,72.07,17,89,12.08,overcast clouds
461,Fort Wellington,GY,6.4,-57.6,76.44,84,12,8.34,few clouds
462,Talnakh,RU,69.4865,88.3972,9.21,88,100,5.82,overcast clouds
463,Gizo,SB,-8.103,156.8419,84.47,70,41,7.81,light rain
464,Itacoatiara,BR,-3.1431,-58.4442,73.69,97,99,2.1,overcast clouds
465,Hangu,CN,39.2489,117.7892,69.84,28,99,17.94,overcast clouds
466,Perth,AU,-31.9333,115.8333,73.67,40,0,8.05,clear sky
467,Sokna,NO,60.24,9.9235,44.13,83,62,1.19,broken clouds
468,Acajutla,SV,13.5928,-89.8275,81.93,77,95,6.31,overcast clouds
469,Fengrun,CN,39.8333,118.1167,72.14,17,50,7.23,scattered clouds
470,Sidvokodvo,SZ,-26.6282,31.4202,61.43,95,100,1.52,light rain
471,Portel,BR,-1.9356,-50.8211,73.53,96,98,2.53,heavy intensity rain
472,Healdsburg,US,38.6105,-122.8692,46.9,76,0,3.44,clear sky
473,Voh,NC,-20.9667,164.7,76.64,78,99,3.38,overcast clouds
474,Andenes,NO,69.3143,16.1194,42.78,81,100,8.05,overcast clouds
475,Istok,XK,42.7808,20.4875,39.81,91,100,4.09,overcast clouds
476,Saint-Augustin,CA,51.226,-58.6502,31.89,99,100,8.63,snow
477,Segezha,RU,63.7415,34.3222,34.36,99,100,3.06,overcast clouds
478,Mazamari,PE,-11.3258,-74.5308,71.67,93,94,0.47,overcast clouds
479,Kungurtug,RU,50.5994,97.5228,52.77,39,4,2.75,clear sky
480,Sorong,ID,-0.8833,131.25,85.51,70,78,12.95,broken clouds
481,Fortuna,US,40.5982,-124.1573,47.66,81,0,3.44,clear sky
482,Adamovka,RU,51.5223,59.9396,52.61,60,67,3.36,broken clouds
483,Stavyshche,UA,50.4,29.5333,33.37,79,71,8.32,broken clouds
484,Huambo,AO,-12.7761,15.7392,57.78,97,100,2.51,overcast clouds
485,Bambanglipuro,ID,-7.95,110.2833,88.32,64,83,5.68,light rain
486,Kaeo,NZ,-35.1,173.7833,69.33,98,100,10.4,light rain
487,Alberton,CA,46.8168,-64.0654,37.31,90,12,17.38,light rain
488,Piacabucu,BR,-10.4056,-36.4344,77.52,83,92,7.65,overcast clouds
489,Bayir,TR,37.2687,28.2167,57.72,91,63,6.98,broken clouds
490,Balaipungut,ID,1.05,101.2833,77.31,93,100,3.11,overcast clouds
491,Pacific Grove,US,36.6177,-121.9166,52.25,82,0,6.91,clear sky
492,Santa Maria,BR,-29.6842,-53.8069,55.0,96,55,5.23,broken clouds
493,Kharp,RU,66.8014,65.8081,28.09,88,100,7.25,overcast clouds
494,Murupara,NZ,-38.4667,176.7,55.96,95,100,3.18,overcast clouds
495,Madang,PG,-5.2246,145.7966,83.73,76,85,5.35,overcast clouds
496,Suntar,RU,62.1444,117.6319,38.46,72,100,13.29,light rain
497,Zuwarah,LY,32.9312,12.082,59.86,68,87,17.13,overcast clouds
498,Deputatskiy,RU,69.3,139.9,12.6,89,98,3.94,overcast clouds
499,Aguimes,ES,27.9054,-15.4461,72.23,35,0,5.75,clear sky
500,Shingu,JP,33.7333,135.9833,66.76,76,100,5.97,overcast clouds
501,Lamu,KE,-2.2717,40.902,79.02,78,100,12.37,light rain
502,Cururupu,BR,-1.8283,-44.8683,73.9,97,100,0.4,overcast clouds
503,Vostok,RU,46.4856,135.8833,41.22,42,99,11.97,overcast clouds
504,Artigas,UY,-30.4,-56.4667,55.36,91,7,8.1,clear sky
505,Padang,ID,-0.9492,100.3543,78.85,73,99,3.4,light rain
506,Jaguariaiva,BR,-24.2511,-49.7058,52.48,96,19,5.53,few clouds
507,Freeport,US,40.6576,-73.5832,45.01,52,0,6.91,clear sky
508,Bundaberg,AU,-24.85,152.35,82.22,52,22,10.36,few clouds
509,San Vicente,AR,-26.6167,-54.1333,52.92,89,4,1.83,clear sky
510,Grand Gaube,MU,-20.0064,57.6608,79.38,88,14,5.01,few clouds
511,Road Town,VG,18.4167,-64.6167,78.89,78,100,23.17,overcast clouds
512,Margate,GB,51.3813,1.3862,47.7,74,15,5.93,few clouds
513,Sungairaya,ID,0.7,108.9,89.89,61,54,7.94,broken clouds
514,Puerto El Triunfo,SV,13.2833,-88.55,81.16,78,85,3.56,overcast clouds
515,Les Cayes,HT,18.2,-73.75,74.86,82,91,8.75,overcast clouds
516,Kokstad,ZA,-30.5472,29.4241,49.5,97,90,3.42,overcast clouds
517,Husavik,IS,66.0449,-17.3389,38.3,99,100,2.04,light rain
518,Calbuco,CL,-41.768,-73.1273,54.61,79,97,3.67,overcast clouds
519,Smolenka,RU,52.1352,113.4974,64.47,22,100,13.42,overcast clouds
520,Porto Torres,IT,40.835,8.3972,37.58,52,49,5.28,scattered clouds
521,Tanda,IN,26.55,82.65,105.21,6,0,3.38,clear sky
522,Ranau,MY,5.9538,116.6641,88.56,47,35,3.53,scattered clouds
523,Bethanien,NA,-26.502,17.1583,62.29,60,0,5.26,clear sky
524,Yermakovskoye,RU,53.2831,92.4003,67.5,28,92,15.64,overcast clouds
525,Betsiamites,CA,48.9413,-68.646,37.8,69,65,18.68,broken clouds
526,Uruzgan,AF,32.8333,66.0,69.73,34,98,9.08,overcast clouds
527,Kenai,US,60.5544,-151.2583,42.89,67,20,3.44,few clouds
528,Okhotsk,RU,59.3833,143.3,27.7,84,88,2.84,overcast clouds
529,Nanpara,IN,27.8667,81.5,101.93,7,1,5.35,clear sky
530,Killybegs,IE,54.6333,-8.45,44.73,70,76,13.58,broken clouds
531,Maceio,BR,-9.6658,-35.7353,76.44,88,75,2.3,broken clouds
532,Ostersund,SE,63.1792,14.6357,34.61,75,100,5.01,overcast clouds
533,Jawhar,SO,2.7809,45.5005,84.24,69,100,10.02,overcast clouds
534,Pemba,MZ,-12.974,40.5178,77.7,94,75,6.91,broken clouds
535,Najran,SA,17.4924,44.1277,74.05,18,1,3.11,clear sky
536,Port Macquarie,AU,-31.4333,152.9167,76.89,62,13,7.72,few clouds
537,Kambove,CD,-10.8764,26.5969,59.92,98,18,3.85,few clouds
538,Valparaiso,CL,-33.0393,-71.6273,55.47,79,100,1.14,overcast clouds
539,Kavaratti,IN,10.5669,72.642,83.75,69,89,1.74,overcast clouds
540,Bilibino,RU,68.0546,166.4372,26.02,81,98,1.23,overcast clouds
541,Uvinza,TZ,-5.1036,30.3911,66.29,96,66,3.09,broken clouds
542,Huilong,CN,31.8111,121.655,60.85,51,91,4.5,overcast clouds
543,College,US,64.8569,-147.8028,37.38,42,20,5.75,few clouds
544,Porto Novo,BJ,6.4965,2.6036,75.02,90,100,8.43,light rain
545,Dunmore Town,BS,25.5,-76.65,76.15,79,9,14.97,clear sky
546,Jiblah,YE,13.9216,44.1467,70.2,35,4,2.66,clear sky
547,Souillac,MU,-20.5167,57.5167,75.58,100,40,5.75,scattered clouds
548,Port Moresby,PG,-9.4431,147.1797,89.02,66,40,17.27,scattered clouds
549,Karabuk,TR,41.2049,32.6277,58.44,71,76,0.94,broken clouds
550,Gat,IL,31.61,34.7642,91.78,14,50,12.75,scattered clouds
551,San Jeronimo,PE,-11.9472,-75.2829,44.74,88,39,2.66,scattered clouds
552,Anadyr,RU,64.75,177.4833,32.5,92,75,15.66,light snow
553,Brunswick,US,41.2381,-81.8418,35.46,70,20,11.5,few clouds
554,Groningen,NL,53.25,6.75,44.17,67,0,5.75,clear sky
555,Bahia Blanca,AR,-38.7196,-62.2724,58.82,74,6,7.81,clear sky
556,Mangrol,IN,21.1167,70.1167,86.32,50,0,6.85,clear sky
557,Pechora,RU,65.1472,57.2244,32.14,97,99,8.63,overcast clouds
558,Nouadhibou,MR,20.931,-17.0347,64.38,94,100,8.05,overcast clouds
559,Odweyne,SO,9.4092,45.064,79.56,46,28,5.59,scattered clouds
560,Makinsk,KZ,52.6292,70.4169,48.34,50,100,13.35,overcast clouds
561,Amapa,BR,1.0,-52.0,71.35,100,100,1.45,overcast clouds
562,Vagamo,NO,61.8751,9.0967,34.05,72,92,1.07,overcast clouds
563,Kollo,NE,13.3043,2.339,86.43,11,100,7.38,overcast clouds
564,Durazno,UY,-33.4131,-56.5006,58.71,85,100,9.71,overcast clouds
565,Linxia,CN,35.6003,103.2064,53.17,28,15,7.27,few clouds
566,Svobodnyy,RU,51.4,128.1333,47.17,31,81,14.14,broken clouds
567,Ialibu,PG,-6.2821,143.9935,65.12,89,97,3.11,moderate rain
568,Beloha,MG,-25.1667,45.05,75.58,80,100,7.31,overcast clouds
569,Leh,IN,34.1667,77.5833,44.04,35,1,2.44,clear sky
570,Lunsar,SL,8.6833,-12.5333,74.57,77,97,1.68,overcast clouds
571,Antofagasta,CL,-23.65,-70.4,58.28,82,51,4.32,broken clouds
572,Sambava,MG,-14.2667,50.1667,78.13,75,100,7.92,overcast clouds
573,Smalininkai,LT,55.0735,22.5793,35.89,67,15,5.46,few clouds
574,Sibu,MY,2.3,111.8167,88.11,70,40,8.05,scattered clouds
575,Leningradskiy,RU,69.3833,178.4167,25.88,92,89,10.51,overcast clouds
576,Nemuro,JP,43.3236,145.575,44.01,75,100,15.52,overcast clouds
577,Akhaldaba,GE,41.654,42.1516,59.56,60,83,9.55,broken clouds
578,Lata,PT,40.1629,-8.3327,58.82,97,51,2.13,broken clouds
579,Brainerd,US,46.358,-94.2008,34.09,86,100,11.5,mist
580,Burnie,AU,-41.0667,145.9167,62.6,55,100,6.8,overcast clouds
581,Springbok,ZA,-29.6643,17.8865,59.36,40,0,7.14,clear sky
582,Claveria,PH,18.6074,121.0832,83.01,69,94,15.21,overcast clouds
583,Aksarka,RU,66.5606,67.7975,26.26,88,100,13.91,overcast clouds
584,Dongsheng,CN,39.8161,109.9776,52.38,21,20,14.03,few clouds
585,Mugur-Aksy,RU,50.35,90.5,47.68,22,100,4.45,overcast clouds
586,Dzilam Gonzalez,MX,21.2833,-88.9333,75.92,77,0,7.31,clear sky
587,Batagay-Alyta,RU,67.8006,130.4114,16.77,80,99,7.02,overcast clouds
588,Asamankese,GH,5.8601,-0.6635,74.98,95,98,2.86,overcast clouds
589,Ilhabela,BR,-23.7781,-45.3581,69.03,76,85,0.16,overcast clouds
590,Karlstad,SE,59.3793,13.5036,28.96,77,100,3.44,overcast clouds
591,Namangan,UZ,40.9983,71.6726,75.65,29,67,4.61,broken clouds
592,Kovdor,RU,67.5662,30.4758,35.19,99,100,2.68,overcast clouds
593,Magdalena,PH,14.1999,121.429,88.36,56,63,10.47,broken clouds
594,Sarkand,KZ,45.41,79.9186,77.16,12,7,4.63,clear sky
595,Hobyo,SO,5.3505,48.5268,84.92,69,100,10.0,light rain
596,Viransehir,TR,37.2353,39.7631,63.37,49,100,5.53,overcast clouds
597,Kothi,IN,24.75,80.7833,104.7,7,3,13.38,clear sky
598,Ekhabi,RU,53.5102,142.9671,32.54,69,31,5.5,scattered clouds
599,Morden,CA,49.1919,-98.1014,24.66,93,100,13.8,overcast clouds
600,Landskrona,SE,55.8708,12.8302,39.15,66,25,3.87,scattered clouds
601,Sao Raimundo Das Mangabeiras,BR,-7.0219,-45.4811,73.8,90,92,1.41,overcast clouds
602,Samarai,PG,-10.6167,150.6667,80.47,82,100,8.25,overcast clouds
603,Corrales,US,35.2378,-106.6067,65.37,17,0,5.01,clear sky
604,Chateaubelair,VC,13.2833,-61.25,76.87,80,95,11.7,overcast clouds
605,Moctezuma,MX,29.8,-109.6667,74.35,9,24,2.3,few clouds
606,Golspie,GB,57.9727,-3.978,51.94,83,91,3.67,overcast clouds
607,Bitlis,TR,38.5,42.25,45.73,56,100,3.91,overcast clouds
608,Caravelas,BR,-17.7125,-39.2481,76.51,66,79,10.04,broken clouds
609,Pemangkat,ID,1.1667,108.9667,87.48,67,59,11.36,broken clouds
610,Yueyang,CN,29.3333,113.0919,65.57,62,94,3.36,overcast clouds
611,Nabire,ID,-3.3667,135.4833,84.24,77,99,3.49,overcast clouds
612,Isangel,VU,-19.55,169.2667,81.64,76,100,6.78,overcast clouds
613,Eston,CA,51.1501,-108.7514,25.92,89,76,5.86,broken clouds
614,Vila Velha,BR,-20.3297,-40.2925,73.35,81,20,8.05,few clouds
615,Zabol,AF,32.25,67.25,64.44,42,100,8.25,light rain
616,Trapani,IT,37.8333,12.6667,55.49,88,40,16.11,scattered clouds
617,Tete,MZ,-16.1564,33.5867,75.29,88,40,4.61,scattered clouds
618,Kompaniyivka,UA,48.2511,32.208,37.47,76,100,14.16,overcast clouds
619,Parana,AR,-31.732,-60.5238,61.52,87,6,5.77,clear sky
620,Coihaique,CL,-45.5752,-72.0662,52.41,76,75,5.75,broken clouds
621,Olafsvik,IS,64.8945,-23.7142,41.81,72,100,11.05,overcast clouds
622,Ayolas,PY,-27.4,-56.9,57.4,93,21,3.33,few clouds
623,Agadez,NE,19.75,10.25,72.93,23,100,10.02,overcast clouds
624,Srikakulam,IN,18.3,83.9,94.71,43,8,11.5,clear sky
625,Pucallpa,PE,-8.3791,-74.5539,78.84,94,40,0.0,scattered clouds
626,Lewistown,US,40.5992,-77.5714,36.64,89,0,3.44,clear sky
627,Balkhash,KZ,46.844,74.9804,63.21,22,0,13.42,clear sky
628,Qianan,CN,44.9932,124.0581,59.13,15,2,8.68,clear sky
629,Ninghai,CN,29.2892,121.4247,56.68,73,100,2.95,overcast clouds
630,Bitung,ID,1.4451,125.1824,92.25,73,44,9.82,scattered clouds
631,Cabo Rojo,PR,18.0866,-67.1457,78.67,79,100,1.99,overcast clouds
632,Nicoya,CR,10.1483,-85.452,79.18,79,100,3.47,overcast clouds
633,Nkayi,CG,-4.1841,13.2884,73.74,96,100,0.16,overcast clouds
634,Khorinsk,RU,52.1657,109.7726,64.94,32,78,10.96,broken clouds
635,Lomza,PL,53.1781,22.0593,35.04,67,16,7.65,few clouds
636,Kralendijk,BQ,12.15,-68.2667,78.78,89,40,16.11,scattered clouds
637,Zyryanovsk,KZ,49.7386,84.2719,50.88,56,68,1.05,broken clouds
638,Sonoita,MX,31.85,-112.8333,73.49,13,1,3.53,clear sky
639,Tombouctou,ML,20.0,-3.0,68.58,27,0,11.59,clear sky
640,Kochi,IN,9.9399,76.2602,85.98,69,48,1.63,scattered clouds
641,Gogrial,SS,8.5332,28.1004,84.83,46,56,5.53,broken clouds
642,Hetauda,NP,27.4284,85.0322,88.95,18,0,7.65,clear sky
643,Tongliao,CN,43.6125,122.2653,60.98,18,0,6.8,clear sky
644,Santa Ana,US,33.7456,-117.8678,65.44,77,0,5.75,clear sky
645,Katete,UG,-0.7818,29.7544,62.44,88,90,2.13,overcast clouds
646,Pangody,RU,65.85,74.4859,20.3,85,99,13.49,overcast clouds
647,Ugoofaaru,MV,5.6667,73.0,84.25,73,84,8.03,broken clouds
648,Arman,RU,59.7,150.1667,28.33,77,100,3.96,overcast clouds
649,Charters Towers,AU,-20.1,146.2667,86.7,31,2,6.89,clear sky
650,Sai Buri,TH,6.7013,101.6168,89.31,62,97,9.24,overcast clouds
651,Saint Cloud,US,45.5608,-94.1625,33.8,89,100,14.97,overcast clouds
652,Thyboron,DK,56.6985,8.2124,42.98,73,2,8.81,clear sky
653,Khorixas,NA,-20.3667,14.9667,67.51,38,32,3.87,scattered clouds
654,Launceston,AU,-41.45,147.1667,65.8,74,100,16.11,overcast clouds
655,Ishigaki,JP,24.3448,124.1572,77.13,69,75,9.22,broken clouds
656,Tambacounda,SN,13.7539,-13.7586,87.85,23,0,9.22,clear sky
657,Pilar,BR,-9.5972,-35.9567,75.13,87,91,3.22,overcast clouds
658,Dwarka,IN,22.2394,68.9678,83.86,64,6,11.03,clear sky
659,Anloga,GH,5.7947,0.8973,81.97,77,100,5.26,light rain
660,Spornoye,RU,50.8448,37.2913,44.82,90,100,6.02,light rain
661,Caborca,MX,30.5838,-111.101,67.82,19,1,3.13,clear sky
662,Sakakah,SA,29.9697,40.2064,67.57,12,10,8.43,clear sky
663,Illela,NG,13.7292,5.2975,77.88,12,100,7.11,overcast clouds
664,Kurtamysh,RU,54.9103,64.4319,44.53,54,70,6.89,broken clouds
665,Iberia,US,29.9502,-91.7507,74.08,88,100,5.75,overcast clouds
666,Roald,NO,62.5833,6.1333,45.34,93,0,3.44,clear sky
667,Pyay,MM,18.8167,95.2167,100.56,26,13,6.58,few clouds
668,Lasem,ID,-6.6922,111.4527,87.96,64,41,4.79,scattered clouds
669,Hawalli,KW,29.2833,47.9972,79.57,32,0,11.5,clear sky
